daily,dynamic_path_appkey,dynamic_path_page_name,dynamic_path,unique_event_count,total_event_count,page_name
2022-11-21,xTJhNH3dHUuhUEz57QkcQQ,AppAudienceStudioDetailsInsightsCompetitionAppComparePage,/tx3e7665V0SiR5shcgQIug/customer-data/xTJhNH3dHUuhUEz57QkcQQ/audience-studio/r6zvZR5NAEGrQ6UJjMJb6g/insight/competition-app-compare,1,2,3. 경쟁사 주요 지표 비교
2022-11-21,aa3oaAZPUUKyjmOmPL3JWA,AppAudienceStudioDetailsInsightsCompetitionAppComparePage,/QHM8ZfrS5kCpg604bZlVbw/customer-data/aa3oaAZPUUKyjmOmPL3JWA/audience-studio/9YYXWwqo1UefDhDY9EffAA/insight/competition-app-compare,1,1,3. 경쟁사 주요 지표 비교
2022-11-21,aa3oaAZPUUKyjmOmPL3JWA,AppAudienceStudioDetailsInsightsUserMovementPage,/QHM8ZfrS5kCpg604bZlVbw/customer-data/aa3oaAZPUUKyjmOmPL3JWA/audience-studio/9YYXWwqo1UefDhDY9EffAA/insight/user-movement,1,1,2. 유저동선
2022-11-21,xTJhNH3dHUuhUEz57QkcQQ,AppAudienceStudioDetailsInsightsUserMovementPage,/tx3e7665V0SiR5shcgQIug/customer-data/xTJhNH3dHUuhUEz57QkcQQ/audience-studio/r6zvZR5NAEGrQ6UJjMJb6g/insight/user-movement,1,2,2. 유저동선
2022-11-21,xTJhNH3dHUuhUEz57QkcQQ,AppAudienceStudioDetailsInsightsAudienceProfilePage,/tx3e7665V0SiR5shcgQIug/customer-data/xTJhNH3dHUuhUEz57QkcQQ/audience-studio/r6zvZR5NAEGrQ6UJjMJb6g/insight/audience-profile,1,2,1. 오디언스 프로파일
2022-11-21,aa3oaAZPUUKyjmOmPL3JWA,AppAudienceStudioDetailsInsightsAudienceProfilePage,/QHM8ZfrS5kCpg604bZlVbw/customer-data/aa3oaAZPUUKyjmOmPL3JWA/audience-studio/PuBmVAFhPkizzM9cKLZwsg/insight/audience-profile,1,1,1. 오디언스 프로파일
2022-11-21,xTJhNH3dHUuhUEz57QkcQQ,AppAudienceStudioDetailsInsightsUserMovementPage,/tx3e7665V0SiR5shcgQIug/customer-data/xTJhNH3dHUuhUEz57QkcQQ/audience-studio/17JETGnN4kinhEWTFCH9ww/insight/user-movement,1,2,2. 유저동선
2022-11-21,aa3oaAZPUUKyjmOmPL3JWA,AppAudienceStudioDetailsInsightsCompetitionAppComparePage,/QHM8ZfrS5kCpg604bZlVbw/customer-data/aa3oaAZPUUKyjmOmPL3JWA/audience-studio/HezZ2AU6iUGvDY01e62bQw/insight/competition-app-compare,1,1,3. 경쟁사 주요 지표 비교
2022-11-21,aa3oaAZPUUKyjmOmPL3JWA,AppAudienceStudioDetailsInsightsAudienceProfilePage,/QHM8ZfrS5kCpg604bZlVbw/customer-data/aa3oaAZPUUKyjmOmPL3JWA/audience-studio/9YYXWwqo1UefDhDY9EffAA/insight/audience-profile,1,2,1. 오디언스 프로파일
2022-11-21,xTJhNH3dHUuhUEz57QkcQQ,AppAudienceStudioDetailsInsightsAudienceProfilePage,/tx3e7665V0SiR5shcgQIug/customer-data/xTJhNH3dHUuhUEz57QkcQQ/audience-studio/17JETGnN4kinhEWTFCH9ww/insight/audience-profile,1,2,1. 오디언스 프로파일
2022-11-21,xTJhNH3dHUuhUEz57QkcQQ,AppAudienceStudioDetailsInsightsCompetitionAppComparePage,/tx3e7665V0SiR5shcgQIug/customer-data/xTJhNH3dHUuhUEz57QkcQQ/audience-studio/17JETGnN4kinhEWTFCH9ww/insight/competition-app-compare,1,2,3. 경쟁사 주요 지표 비교
2022-11-21,aa3oaAZPUUKyjmOmPL3JWA,AppAudienceStudioDetailsInsightsAudienceProfilePage,/QHM8ZfrS5kCpg604bZlVbw/customer-data/aa3oaAZPUUKyjmOmPL3JWA/audience-studio/HezZ2AU6iUGvDY01e62bQw/insight/audience-profile,1,1,1. 오디언스 프로파일
2022-11-21,aa3oaAZPUUKyjmOmPL3JWA,AppAudienceStudioDetailsInsightsCompetitionAppComparePage,/QHM8ZfrS5kCpg604bZlVbw/customer-data/aa3oaAZPUUKyjmOmPL3JWA/audience-studio/PuBmVAFhPkizzM9cKLZwsg/insight/competition-app-compare,1,1,3. 경쟁사 주요 지표 비교
2022-11-18,xTJhNH3dHUuhUEz57QkcQQ,AppAudienceStudioDetailsInsightsCompetitionAppComparePage,/tx3e7665V0SiR5shcgQIug/customer-data/xTJhNH3dHUuhUEz57QkcQQ/audience-studio/G4AQ7IHnb0mr8iJ9ERHF5Q/insight/competition-app-compare,1,2,3. 경쟁사 주요 지표 비교
2022-11-18,xTJhNH3dHUuhUEz57QkcQQ,AppAudienceStudioDetailsInsightsAudienceProfilePage,/tx3e7665V0SiR5shcgQIug/customer-data/xTJhNH3dHUuhUEz57QkcQQ/audience-studio/pcCGZYvEtUmhYCjXT9AURw/insight/audience-profile,1,1,1. 오디언스 프로파일
2022-11-18,xTJhNH3dHUuhUEz57QkcQQ,AppAudienceStudioDetailsInsightsUserMovementPage,/tx3e7665V0SiR5shcgQIug/customer-data/xTJhNH3dHUuhUEz57QkcQQ/audience-studio/G4AQ7IHnb0mr8iJ9ERHF5Q/insight/user-movement,1,1,2. 유저동선
2022-11-18,EBhJPpVVX02TazkyMNEBuw,AppAudienceStudioDetailsInsightsCompetitionAppComparePage,/aC9BO11Ulk27UQx39qtlzA/customer-data/EBhJPpVVX02TazkyMNEBuw/audience-studio/GPxsM8rZWEWiUuuyX2QEZA/insight/competition-app-compare,1,2,3. 경쟁사 주요 지표 비교
2022-11-18,xTJhNH3dHUuhUEz57QkcQQ,AppAudienceStudioDetailsInsightsUserMovementPage,/tx3e7665V0SiR5shcgQIug/customer-data/xTJhNH3dHUuhUEz57QkcQQ/audience-studio/xiuDXkzG6EiLybGxuVYrkA/insight/user-movement,1,1,2. 유저동선
2022-11-18,xTJhNH3dHUuhUEz57QkcQQ,AppAudienceStudioDetailsInsightsCompetitionAppComparePage,/tx3e7665V0SiR5shcgQIug/customer-data/xTJhNH3dHUuhUEz57QkcQQ/audience-studio/xiuDXkzG6EiLybGxuVYrkA/insight/competition-app-compare,1,1,3. 경쟁사 주요 지표 비교
2022-11-18,EBhJPpVVX02TazkyMNEBuw,AppAudienceStudioDetailsInsightsUserMovementPage,/aC9BO11Ulk27UQx39qtlzA/customer-data/EBhJPpVVX02TazkyMNEBuw/audience-studio/GPxsM8rZWEWiUuuyX2QEZA/insight/user-movement,1,1,2. 유저동선
2022-11-18,EBhJPpVVX02TazkyMNEBuw,AppAudienceStudioDetailsInsightsAudienceProfilePage,/aC9BO11Ulk27UQx39qtlzA/customer-data/EBhJPpVVX02TazkyMNEBuw/audience-studio/GPxsM8rZWEWiUuuyX2QEZA/insight/audience-profile,1,4,1. 오디언스 프로파일
2022-11-18,xTJhNH3dHUuhUEz57QkcQQ,AppAudienceStudioDetailsInsightsAudienceProfilePage,/tx3e7665V0SiR5shcgQIug/customer-data/xTJhNH3dHUuhUEz57QkcQQ/audience-studio/G4AQ7IHnb0mr8iJ9ERHF5Q/insight/audience-profile,1,2,1. 오디언스 프로파일
2022-11-18,EBhJPpVVX02TazkyMNEBuw,AppAudienceStudioDetailsInsightsUserMovementPage,/aC9BO11Ulk27UQx39qtlzA/customer-data/EBhJPpVVX02TazkyMNEBuw/audience-studio/rHRXGpsIdUS7ByP4r30OZw/insight/user-movement,1,1,2. 유저동선
2022-11-18,EBhJPpVVX02TazkyMNEBuw,AppAudienceStudioDetailsInsightsCompetitionAppComparePage,/aC9BO11Ulk27UQx39qtlzA/customer-data/EBhJPpVVX02TazkyMNEBuw/audience-studio/rHRXGpsIdUS7ByP4r30OZw/insight/competition-app-compare,1,1,3. 경쟁사 주요 지표 비교
2022-11-18,GSoX00mtrky3H44kqasBEw,AppAudienceStudioDetailsInsightsAudienceProfilePage,/8k6xxpHBMES6XYFTmxVAYg/customer-data/GSoX00mtrky3H44kqasBEw/audience-studio/VSmANAcxkkyiGr4BoFzL1w/insight/audience-profile,1,1,1. 오디언스 프로파일
2022-11-18,xTJhNH3dHUuhUEz57QkcQQ,AppAudienceStudioDetailsInsightsUserMovementPage,/tx3e7665V0SiR5shcgQIug/customer-data/xTJhNH3dHUuhUEz57QkcQQ/audience-studio/17JETGnN4kinhEWTFCH9ww/insight/user-movement,1,3,2. 유저동선
2022-11-18,xTJhNH3dHUuhUEz57QkcQQ,AppAudienceStudioDetailsInsightsAudienceProfilePage,/tx3e7665V0SiR5shcgQIug/customer-data/xTJhNH3dHUuhUEz57QkcQQ/audience-studio/WlSGY4r8B0aUGS1wYszAyg/insight/audience-profile,1,2,1. 오디언스 프로파일
2022-11-18,xTJhNH3dHUuhUEz57QkcQQ,AppAudienceStudioDetailsInsightsCompetitionAppComparePage,/tx3e7665V0SiR5shcgQIug/customer-data/xTJhNH3dHUuhUEz57QkcQQ/audience-studio/17JETGnN4kinhEWTFCH9ww/insight/competition-app-compare,1,2,3. 경쟁사 주요 지표 비교
2022-11-18,xTJhNH3dHUuhUEz57QkcQQ,AppAudienceStudioDetailsInsightsAudienceProfilePage,/tx3e7665V0SiR5shcgQIug/customer-data/xTJhNH3dHUuhUEz57QkcQQ/audience-studio/17JETGnN4kinhEWTFCH9ww/insight/audience-profile,1,3,1. 오디언스 프로파일
2022-11-18,GSoX00mtrky3H44kqasBEw,AppAudienceStudioDetailsInsightsAudienceProfilePage,/8k6xxpHBMES6XYFTmxVAYg/customer-data/GSoX00mtrky3H44kqasBEw/audience-studio/KohX0X7kmE2Su50A3D4P8A/insight/audience-profile,1,4,1. 오디언스 프로파일
2022-11-18,xTJhNH3dHUuhUEz57QkcQQ,AppAudienceStudioDetailsInsightsAudienceProfilePage,/tx3e7665V0SiR5shcgQIug/customer-data/xTJhNH3dHUuhUEz57QkcQQ/audience-studio/xiuDXkzG6EiLybGxuVYrkA/insight/audience-profile,1,1,1. 오디언스 프로파일
2022-11-18,4otkaNsrHEqbLa5baMHTvw,AppAudienceStudioDetailsInsightsAudienceProfilePage,/zE25MUBRwUWQkvjzg0aw8Q/customer-data/4otkaNsrHEqbLa5baMHTvw/audience-studio/31JmHRpIfECRcDovlcl5ZQ/insight/audience-profile,1,1,1. 오디언스 프로파일
2022-11-18,EBhJPpVVX02TazkyMNEBuw,AppAudienceStudioDetailsInsightsAudienceProfilePage,/aC9BO11Ulk27UQx39qtlzA/customer-data/EBhJPpVVX02TazkyMNEBuw/audience-studio/rHRXGpsIdUS7ByP4r30OZw/insight/audience-profile,1,1,1. 오디언스 프로파일
2022-11-18,xTJhNH3dHUuhUEz57QkcQQ,AppAudienceStudioDetailsInsightsUserMovementPage,/tx3e7665V0SiR5shcgQIug/customer-data/xTJhNH3dHUuhUEz57QkcQQ/audience-studio/WlSGY4r8B0aUGS1wYszAyg/insight/user-movement,1,2,2. 유저동선
2022-11-18,GSoX00mtrky3H44kqasBEw,AppAudienceStudioDetailsInsightsAudienceProfilePage,/8k6xxpHBMES6XYFTmxVAYg/customer-data/GSoX00mtrky3H44kqasBEw/audience-studio/bNHixnPsC0WaaaeensPLFg/insight/audience-profile,1,1,1. 오디언스 프로파일
2022-11-18,xTJhNH3dHUuhUEz57QkcQQ,AppAudienceStudioDetailsInsightsCompetitionAppComparePage,/tx3e7665V0SiR5shcgQIug/customer-data/xTJhNH3dHUuhUEz57QkcQQ/audience-studio/WlSGY4r8B0aUGS1wYszAyg/insight/competition-app-compare,1,1,3. 경쟁사 주요 지표 비교
2022-11-17,xTJhNH3dHUuhUEz57QkcQQ,AppAudienceStudioDetailsInsightsAudienceProfilePage,/tx3e7665V0SiR5shcgQIug/customer-data/xTJhNH3dHUuhUEz57QkcQQ/audience-studio/roBa41R2hEyCbgGyjNDakQ/insight/audience-profile,1,1,1. 오디언스 프로파일
2022-11-17,xTJhNH3dHUuhUEz57QkcQQ,AppAudienceStudioDetailsInsightsAudienceProfilePage,/tx3e7665V0SiR5shcgQIug/customer-data/xTJhNH3dHUuhUEz57QkcQQ/audience-studio/xiuDXkzG6EiLybGxuVYrkA/insight/audience-profile,1,1,1. 오디언스 프로파일
2022-11-17,xTJhNH3dHUuhUEz57QkcQQ,AppAudienceStudioDetailsInsightsAudienceProfilePage,/tx3e7665V0SiR5shcgQIug/customer-data/xTJhNH3dHUuhUEz57QkcQQ/audience-studio/Mrr9RvMxE0eoLSfJf7pcFA/insight/audience-profile,1,1,1. 오디언스 프로파일
2022-11-17,xTJhNH3dHUuhUEz57QkcQQ,AppAudienceStudioDetailsInsightsCompetitionAppComparePage,/tx3e7665V0SiR5shcgQIug/customer-data/xTJhNH3dHUuhUEz57QkcQQ/audience-studio/Xk37kLIRIkKbz7kWLwLKVA/insight/competition-app-compare,1,2,3. 경쟁사 주요 지표 비교
2022-11-17,xTJhNH3dHUuhUEz57QkcQQ,AppAudienceStudioDetailsInsightsCompetitionAppComparePage,/tx3e7665V0SiR5shcgQIug/customer-data/xTJhNH3dHUuhUEz57QkcQQ/audience-studio/xiuDXkzG6EiLybGxuVYrkA/insight/competition-app-compare,1,1,3. 경쟁사 주요 지표 비교
2022-11-17,xTJhNH3dHUuhUEz57QkcQQ,AppAudienceStudioDetailsInsightsAudienceProfilePage,/tx3e7665V0SiR5shcgQIug/customer-data/xTJhNH3dHUuhUEz57QkcQQ/audience-studio/Xk37kLIRIkKbz7kWLwLKVA/insight/audience-profile,1,2,1. 오디언스 프로파일
2022-11-17,xTJhNH3dHUuhUEz57QkcQQ,AppAudienceStudioDetailsInsightsAudienceProfilePage,/tx3e7665V0SiR5shcgQIug/customer-data/xTJhNH3dHUuhUEz57QkcQQ/audience-studio/vul8ibySVUSJJEY0bqbcZw/insight/audience-profile,1,1,1. 오디언스 프로파일
2022-11-17,KrBIuNZZPE6Sd9wEUVAY5w,AppAudienceStudioDetailsInsightsAudienceProfilePage,/bxwqhFp4j06qE1XJUFUaEA/customer-data/KrBIuNZZPE6Sd9wEUVAY5w/audience-studio/6vAp1iGa1kS9Ia9UIMCMgg/insight/audience-profile,1,1,1. 오디언스 프로파일
2022-11-16,LTKsB1tgjESEuw4oRQ8sKA,AppAudienceStudioDetailsInsightsCompetitionAppComparePage,/wQJEKF8lwEiCkyAOZdYjlw/customer-data/LTKsB1tgjESEuw4oRQ8sKA/audience-studio/PDJRwsfCM0CCCwcRsTPUFQ/insight/competition-app-compare,1,1,3. 경쟁사 주요 지표 비교
2022-11-16,LTKsB1tgjESEuw4oRQ8sKA,AppAudienceStudioDetailsInsightsUserMovementPage,/wQJEKF8lwEiCkyAOZdYjlw/customer-data/LTKsB1tgjESEuw4oRQ8sKA/audience-studio/PDJRwsfCM0CCCwcRsTPUFQ/insight/user-movement,1,1,2. 유저동선
2022-11-16,LTKsB1tgjESEuw4oRQ8sKA,AppAudienceStudioDetailsInsightsAudienceProfilePage,/wQJEKF8lwEiCkyAOZdYjlw/customer-data/LTKsB1tgjESEuw4oRQ8sKA/audience-studio/PDJRwsfCM0CCCwcRsTPUFQ/insight/audience-profile,1,1,1. 오디언스 프로파일
2022-11-15,4otkaNsrHEqbLa5baMHTvw,AppAudienceStudioDetailsInsightsAudienceProfilePage,/zE25MUBRwUWQkvjzg0aw8Q/customer-data/4otkaNsrHEqbLa5baMHTvw/audience-studio/T3CvGiTgYEWPv8DTbORLVA/insight/audience-profile,1,1,1. 오디언스 프로파일
2022-11-14,3Ge1IhgKikuFJvSIlvoSnA,AppAudienceStudioDetailsInsightsAudienceProfilePage,/Bse7vQOq0kmaHxUlrbnCWA/customer-data/3Ge1IhgKikuFJvSIlvoSnA/audience-studio/vhC6FM3SYEiHGB61gRA3IQ/insight/audience-profile,1,1,1. 오디언스 프로파일
2022-11-14,4otkaNsrHEqbLa5baMHTvw,AppAudienceStudioDetailsInsightsAudienceProfilePage,/zE25MUBRwUWQkvjzg0aw8Q/customer-data/4otkaNsrHEqbLa5baMHTvw/audience-studio/00DJo65As0WdUqMcGWhy8g/insight/audience-profile,1,1,1. 오디언스 프로파일
2022-11-14,4otkaNsrHEqbLa5baMHTvw,AppAudienceStudioDetailsInsightsAudienceProfilePage,/zE25MUBRwUWQkvjzg0aw8Q/customer-data/4otkaNsrHEqbLa5baMHTvw/audience-studio/ndvFL4NqckGFtZNi6GV0Hw/insight/audience-profile,1,1,1. 오디언스 프로파일
2022-11-14,4otkaNsrHEqbLa5baMHTvw,AppAudienceStudioDetailsInsightsAudienceProfilePage,/zE25MUBRwUWQkvjzg0aw8Q/customer-data/4otkaNsrHEqbLa5baMHTvw/audience-studio/T3CvGiTgYEWPv8DTbORLVA/insight/audience-profile,2,8,1. 오디언스 프로파일
2022-11-14,3Ge1IhgKikuFJvSIlvoSnA,AppAudienceStudioDetailsInsightsAudienceProfilePage,/Bse7vQOq0kmaHxUlrbnCWA/customer-data/3Ge1IhgKikuFJvSIlvoSnA/audience-studio/HvhAUx3W7kWdxxAQXC1HqA/insight/audience-profile,1,1,1. 오디언스 프로파일
2022-11-14,4otkaNsrHEqbLa5baMHTvw,AppAudienceStudioDetailsInsightsAudienceProfilePage,/zE25MUBRwUWQkvjzg0aw8Q/customer-data/4otkaNsrHEqbLa5baMHTvw/audience-studio/4PXycwDsaU2oIwuak0pUaA/insight/audience-profile,2,2,1. 오디언스 프로파일
2022-11-14,3Ge1IhgKikuFJvSIlvoSnA,AppAudienceStudioDetailsInsightsUserMovementPage,/Bse7vQOq0kmaHxUlrbnCWA/customer-data/3Ge1IhgKikuFJvSIlvoSnA/audience-studio/HvhAUx3W7kWdxxAQXC1HqA/insight/user-movement,1,1,2. 유저동선
2022-11-11,xTJhNH3dHUuhUEz57QkcQQ,AppAudienceStudioDetailsInsightsAudienceProfilePage,/tx3e7665V0SiR5shcgQIug/customer-data/xTJhNH3dHUuhUEz57QkcQQ/audience-studio/CLUlKHpv3k2wyOAWqtcOqw/insight/audience-profile,1,2,1. 오디언스 프로파일
2022-11-11,xTJhNH3dHUuhUEz57QkcQQ,AppAudienceStudioDetailsInsightsUserMovementPage,/tx3e7665V0SiR5shcgQIug/customer-data/xTJhNH3dHUuhUEz57QkcQQ/audience-studio/Mrr9RvMxE0eoLSfJf7pcFA/insight/user-movement,1,1,2. 유저동선
2022-11-11,xTJhNH3dHUuhUEz57QkcQQ,AppAudienceStudioDetailsInsightsAudienceProfilePage,/tx3e7665V0SiR5shcgQIug/customer-data/xTJhNH3dHUuhUEz57QkcQQ/audience-studio/Mrr9RvMxE0eoLSfJf7pcFA/insight/audience-profile,1,1,1. 오디언스 프로파일
2022-11-11,xTJhNH3dHUuhUEz57QkcQQ,AppAudienceStudioDetailsInsightsUserMovementPage,/tx3e7665V0SiR5shcgQIug/customer-data/xTJhNH3dHUuhUEz57QkcQQ/audience-studio/CLUlKHpv3k2wyOAWqtcOqw/insight/user-movement,1,1,2. 유저동선
2022-11-09,3Ge1IhgKikuFJvSIlvoSnA,AppAudienceStudioDetailsInsightsAudienceProfilePage,/Bse7vQOq0kmaHxUlrbnCWA/customer-data/3Ge1IhgKikuFJvSIlvoSnA/audience-studio/OTWVwq7eF02VHuhcEiTxsQ/insight/audience-profile,1,1,1. 오디언스 프로파일
2022-11-08,3Ge1IhgKikuFJvSIlvoSnA,AppAudienceStudioDetailsInsightsAudienceProfilePage,/Bse7vQOq0kmaHxUlrbnCWA/customer-data/3Ge1IhgKikuFJvSIlvoSnA/audience-studio/OTWVwq7eF02VHuhcEiTxsQ/insight/audience-profile,1,1,1. 오디언스 프로파일
2022-11-08,in6nDWil0UyVvQrY629sMg,AppAudienceStudioDetailsInsightsAudienceProfilePage,/RbrOZIdrT0iSWBdroQPd5g/customer-data/in6nDWil0UyVvQrY629sMg/audience-studio/33n26FT3Jkupob2UCvHMpw/insight/audience-profile,1,1,1. 오디언스 프로파일
2022-11-07,4otkaNsrHEqbLa5baMHTvw,AppAudienceStudioDetailsInsightsAudienceProfilePage,/zE25MUBRwUWQkvjzg0aw8Q/customer-data/4otkaNsrHEqbLa5baMHTvw/audience-studio/BOxnxKHIOU2oGeJuKOx4mw/insight/audience-profile,1,1,1. 오디언스 프로파일
2022-11-07,4otkaNsrHEqbLa5baMHTvw,AppAudienceStudioDetailsInsightsAudienceProfilePage,/zE25MUBRwUWQkvjzg0aw8Q/customer-data/4otkaNsrHEqbLa5baMHTvw/audience-studio/zKy5uMLiUEmeu2ZnkMaiTw/insight/audience-profile,1,1,1. 오디언스 프로파일
2022-11-04,3Ge1IhgKikuFJvSIlvoSnA,AppAudienceStudioDetailsInsightsCompetitionAppComparePage,/Bse7vQOq0kmaHxUlrbnCWA/customer-data/3Ge1IhgKikuFJvSIlvoSnA/audience-studio/OTWVwq7eF02VHuhcEiTxsQ/insight/competition-app-compare,1,1,3. 경쟁사 주요 지표 비교
2022-11-04,3Ge1IhgKikuFJvSIlvoSnA,AppAudienceStudioDetailsInsightsUserMovementPage,/Bse7vQOq0kmaHxUlrbnCWA/customer-data/3Ge1IhgKikuFJvSIlvoSnA/audience-studio/OTWVwq7eF02VHuhcEiTxsQ/insight/user-movement,1,1,2. 유저동선
2022-11-04,ewwA4mnf5UanyP8GAOo3Tw,AppAudienceStudioDetailsInsightsAudienceProfilePage,/XgPFPOBu80SJnE7ovCOpXw/customer-data/ewwA4mnf5UanyP8GAOo3Tw/audience-studio/w6PLGyADiUqIJ0aIlRDyyw/insight/audience-profile,1,3,1. 오디언스 프로파일
2022-11-04,3Ge1IhgKikuFJvSIlvoSnA,AppAudienceStudioDetailsInsightsUserMovementPage,/Bse7vQOq0kmaHxUlrbnCWA/customer-data/3Ge1IhgKikuFJvSIlvoSnA/audience-studio/vhC6FM3SYEiHGB61gRA3IQ/insight/user-movement,1,1,2. 유저동선
2022-11-04,3Ge1IhgKikuFJvSIlvoSnA,AppAudienceStudioDetailsInsightsAudienceProfilePage,/Bse7vQOq0kmaHxUlrbnCWA/customer-data/3Ge1IhgKikuFJvSIlvoSnA/audience-studio/OTWVwq7eF02VHuhcEiTxsQ/insight/audience-profile,1,2,1. 오디언스 프로파일
2022-11-04,sjEyHUZ4tkyX3Y5vrogTVQ,AppAudienceStudioDetailsInsightsAudienceProfilePage,/mN2XymrTckasIKfcjRPJRw/customer-data/sjEyHUZ4tkyX3Y5vrogTVQ/audience-studio/mVbnchAhs0qMKeH0bpOikQ/insight/audience-profile,1,1,1. 오디언스 프로파일
2022-11-04,3Ge1IhgKikuFJvSIlvoSnA,AppAudienceStudioDetailsInsightsAudienceProfilePage,/Bse7vQOq0kmaHxUlrbnCWA/customer-data/3Ge1IhgKikuFJvSIlvoSnA/audience-studio/vhC6FM3SYEiHGB61gRA3IQ/insight/audience-profile,1,3,1. 오디언스 프로파일
2022-11-04,9jvhm3gNhkGCVmJ5f8OnAQ,AppAudienceStudioDetailsInsightsAudienceProfilePage,/8MvOlpeBYk20y45syeaX7Q/customer-data/9jvhm3gNhkGCVmJ5f8OnAQ/audience-studio/2A9RjqzWgEm5ZBwsSwCjyA/insight/audience-profile,1,1,1. 오디언스 프로파일
2022-11-04,9jvhm3gNhkGCVmJ5f8OnAQ,AppAudienceStudioDetailsInsightsAudienceProfilePage,/8MvOlpeBYk20y45syeaX7Q/customer-data/9jvhm3gNhkGCVmJ5f8OnAQ/audience-studio/EoDSdoXeUUCjLDkkkYzxbg/insight/audience-profile,1,1,1. 오디언스 프로파일
2022-11-03,sjEyHUZ4tkyX3Y5vrogTVQ,AppAudienceStudioDetailsInsightsAudienceProfilePage,/mN2XymrTckasIKfcjRPJRw/customer-data/sjEyHUZ4tkyX3Y5vrogTVQ/audience-studio/mVbnchAhs0qMKeH0bpOikQ/insight/audience-profile,1,12,1. 오디언스 프로파일
2022-11-03,3Ge1IhgKikuFJvSIlvoSnA,AppAudienceStudioDetailsInsightsAudienceProfilePage,/Bse7vQOq0kmaHxUlrbnCWA/customer-data/3Ge1IhgKikuFJvSIlvoSnA/audience-studio/vhC6FM3SYEiHGB61gRA3IQ/insight/audience-profile,1,1,1. 오디언스 프로파일
2022-11-01,4otkaNsrHEqbLa5baMHTvw,AppAudienceStudioDetailsInsightsAudienceProfilePage,/zE25MUBRwUWQkvjzg0aw8Q/customer-data/4otkaNsrHEqbLa5baMHTvw/audience-studio/KfxXzyC0FkCvjwXPvUWLaw/insight/audience-profile,1,1,1. 오디언스 프로파일
2022-11-01,4otkaNsrHEqbLa5baMHTvw,AppAudienceStudioDetailsInsightsCompetitionAppComparePage,/zE25MUBRwUWQkvjzg0aw8Q/customer-data/4otkaNsrHEqbLa5baMHTvw/audience-studio/t4VAEsEL2EefblkZIwvfqw/insight/competition-app-compare,1,1,3. 경쟁사 주요 지표 비교
2022-11-01,4otkaNsrHEqbLa5baMHTvw,AppAudienceStudioDetailsInsightsAudienceProfilePage,/zE25MUBRwUWQkvjzg0aw8Q/customer-data/4otkaNsrHEqbLa5baMHTvw/audience-studio/t4VAEsEL2EefblkZIwvfqw/insight/audience-profile,1,1,1. 오디언스 프로파일
2022-11-01,4otkaNsrHEqbLa5baMHTvw,AppAudienceStudioDetailsInsightsUserMovementPage,/zE25MUBRwUWQkvjzg0aw8Q/customer-data/4otkaNsrHEqbLa5baMHTvw/audience-studio/t4VAEsEL2EefblkZIwvfqw/insight/user-movement,1,1,2. 유저동선
2022-10-31,ewwA4mnf5UanyP8GAOo3Tw,AppAudienceStudioDetailsInsightsAudienceProfilePage,/XgPFPOBu80SJnE7ovCOpXw/customer-data/ewwA4mnf5UanyP8GAOo3Tw/audience-studio/w6PLGyADiUqIJ0aIlRDyyw/insight/audience-profile,1,4,1. 오디언스 프로파일
2022-10-28,2ktEfh72p0GEz3dQ9OkcpQ,AppAudienceStudioDetailsInsightsAudienceProfilePage,/oEazmjVCNkK5AYlzoR2usg/customer-data/2ktEfh72p0GEz3dQ9OkcpQ/audience-studio/0IUPSy7bBEGp4JCi8vl33g/insight/audience-profile,1,1,1. 오디언스 프로파일
2022-10-27,2ktEfh72p0GEz3dQ9OkcpQ,AppAudienceStudioDetailsInsightsAudienceProfilePage,/oEazmjVCNkK5AYlzoR2usg/customer-data/2ktEfh72p0GEz3dQ9OkcpQ/audience-studio/0IUPSy7bBEGp4JCi8vl33g/insight/audience-profile,1,1,1. 오디언스 프로파일
2022-10-19,xTJhNH3dHUuhUEz57QkcQQ,AppAudienceStudioDetailsInsightsAudienceProfilePage,/tx3e7665V0SiR5shcgQIug/customer-data/xTJhNH3dHUuhUEz57QkcQQ/audience-studio/GBHVfAgL8kifglh2ABgCfQ/insight/audience-profile,1,1,1. 오디언스 프로파일
2022-10-17,xTJhNH3dHUuhUEz57QkcQQ,AppAudienceStudioDetailsInsightsAudienceProfilePage,/tx3e7665V0SiR5shcgQIug/customer-data/xTJhNH3dHUuhUEz57QkcQQ/audience-studio/5qrUWnQkpkagfF39feRwxg/insight/audience-profile,1,1,1. 오디언스 프로파일
2022-10-11,4otkaNsrHEqbLa5baMHTvw,AppAudienceStudioDetailsInsightsAudienceProfilePage,/zE25MUBRwUWQkvjzg0aw8Q/customer-data/4otkaNsrHEqbLa5baMHTvw/audience-studio/y5iot7LXD0eAm6EMQgiTnQ/insight/audience-profile,1,1,1. 오디언스 프로파일
2022-10-07,IEcfMTxPDUaFUnfUZutaQQ,AppAudienceStudioDetailsInsightsAudienceProfilePage,/fDToslaaf0S4pWzGJkWsZA/customer-data/IEcfMTxPDUaFUnfUZutaQQ/audience-studio/9U4e5smIiUmwv8xcBjwNHg/insight/audience-profile,1,1,1. 오디언스 프로파일
2022-10-07,IEcfMTxPDUaFUnfUZutaQQ,AppAudienceStudioDetailsInsightsUserMovementPage,/fDToslaaf0S4pWzGJkWsZA/customer-data/IEcfMTxPDUaFUnfUZutaQQ/audience-studio/zPhcIuP3qUKiPhss51XkAQ/insight/user-movement,1,1,2. 유저동선
2022-10-07,4otkaNsrHEqbLa5baMHTvw,AppAudienceStudioDetailsInsightsAudienceProfilePage,/zE25MUBRwUWQkvjzg0aw8Q/customer-data/4otkaNsrHEqbLa5baMHTvw/audience-studio/GnaANsPiGkaloZoYLUAavA/insight/audience-profile,1,1,1. 오디언스 프로파일
2022-10-07,in6nDWil0UyVvQrY629sMg,AppAudienceStudioDetailsInsightsAudienceProfilePage,/RbrOZIdrT0iSWBdroQPd5g/customer-data/in6nDWil0UyVvQrY629sMg/audience-studio/yCjM12a3G0KQI3Tj1Y2ABw/insight/audience-profile,1,2,1. 오디언스 프로파일
2022-10-07,in6nDWil0UyVvQrY629sMg,AppAudienceStudioDetailsInsightsUserMovementPage,/RbrOZIdrT0iSWBdroQPd5g/customer-data/in6nDWil0UyVvQrY629sMg/audience-studio/yCjM12a3G0KQI3Tj1Y2ABw/insight/user-movement,1,1,2. 유저동선
2022-10-07,in6nDWil0UyVvQrY629sMg,AppAudienceStudioDetailsInsightsAudienceProfilePage,/RbrOZIdrT0iSWBdroQPd5g/customer-data/in6nDWil0UyVvQrY629sMg/audience-studio/OHozjL1GdEWrNmWW6rNi2g/insight/audience-profile,1,1,1. 오디언스 프로파일
2022-10-07,IEcfMTxPDUaFUnfUZutaQQ,AppAudienceStudioDetailsInsightsAudienceProfilePage,/fDToslaaf0S4pWzGJkWsZA/customer-data/IEcfMTxPDUaFUnfUZutaQQ/audience-studio/zPhcIuP3qUKiPhss51XkAQ/insight/audience-profile,1,1,1. 오디언스 프로파일
2022-10-07,4otkaNsrHEqbLa5baMHTvw,AppAudienceStudioDetailsInsightsAudienceProfilePage,/zE25MUBRwUWQkvjzg0aw8Q/customer-data/4otkaNsrHEqbLa5baMHTvw/audience-studio/y5iot7LXD0eAm6EMQgiTnQ/insight/audience-profile,1,1,1. 오디언스 프로파일
2022-10-07,in6nDWil0UyVvQrY629sMg,AppAudienceStudioDetailsInsightsUserMovementPage,/RbrOZIdrT0iSWBdroQPd5g/customer-data/in6nDWil0UyVvQrY629sMg/audience-studio/8PrdcB6VSkeCq7k74yhWKw/insight/user-movement,1,1,2. 유저동선
2022-10-07,GCHSvS3UC0CLSVcmXpMnvQ,AppAudienceStudioDetailsInsightsUserMovementPage,/EaDzUTo5YEaQf32cYmx8Ag/customer-data/GCHSvS3UC0CLSVcmXpMnvQ/audience-studio/RsFtGydQzkSQH0JtM4mcAA/insight/user-movement,1,1,2. 유저동선
2022-10-07,GCHSvS3UC0CLSVcmXpMnvQ,AppAudienceStudioDetailsInsightsAudienceProfilePage,/EaDzUTo5YEaQf32cYmx8Ag/customer-data/GCHSvS3UC0CLSVcmXpMnvQ/audience-studio/RsFtGydQzkSQH0JtM4mcAA/insight/audience-profile,1,1,1. 오디언스 프로파일
2022-10-07,in6nDWil0UyVvQrY629sMg,AppAudienceStudioDetailsInsightsCompetitionAppComparePage,/RbrOZIdrT0iSWBdroQPd5g/customer-data/in6nDWil0UyVvQrY629sMg/audience-studio/8PrdcB6VSkeCq7k74yhWKw/insight/competition-app-compare,1,1,3. 경쟁사 주요 지표 비교
2022-10-07,4otkaNsrHEqbLa5baMHTvw,AppAudienceStudioDetailsInsightsAudienceProfilePage,/zE25MUBRwUWQkvjzg0aw8Q/customer-data/4otkaNsrHEqbLa5baMHTvw/audience-studio/Agz8dVf4a0auQQg29DBD4A/insight/audience-profile,2,2,1. 오디언스 프로파일
2022-10-07,IEcfMTxPDUaFUnfUZutaQQ,AppAudienceStudioDetailsInsightsAudienceProfilePage,/fDToslaaf0S4pWzGJkWsZA/customer-data/IEcfMTxPDUaFUnfUZutaQQ/audience-studio/yjJp1InzYEuntKe8I08lrw/insight/audience-profile,1,1,1. 오디언스 프로파일
2022-10-07,in6nDWil0UyVvQrY629sMg,AppAudienceStudioDetailsInsightsCompetitionAppComparePage,/RbrOZIdrT0iSWBdroQPd5g/customer-data/in6nDWil0UyVvQrY629sMg/audience-studio/yCjM12a3G0KQI3Tj1Y2ABw/insight/competition-app-compare,1,1,3. 경쟁사 주요 지표 비교
2022-10-07,in6nDWil0UyVvQrY629sMg,AppAudienceStudioDetailsInsightsAudienceProfilePage,/RbrOZIdrT0iSWBdroQPd5g/customer-data/in6nDWil0UyVvQrY629sMg/audience-studio/8PrdcB6VSkeCq7k74yhWKw/insight/audience-profile,1,1,1. 오디언스 프로파일
2022-10-07,IEcfMTxPDUaFUnfUZutaQQ,AppAudienceStudioDetailsInsightsCompetitionAppComparePage,/fDToslaaf0S4pWzGJkWsZA/customer-data/IEcfMTxPDUaFUnfUZutaQQ/audience-studio/zPhcIuP3qUKiPhss51XkAQ/insight/competition-app-compare,1,1,3. 경쟁사 주요 지표 비교
2022-10-07,4otkaNsrHEqbLa5baMHTvw,AppAudienceStudioDetailsInsightsCompetitionAppComparePage,/zE25MUBRwUWQkvjzg0aw8Q/customer-data/4otkaNsrHEqbLa5baMHTvw/audience-studio/Agz8dVf4a0auQQg29DBD4A/insight/competition-app-compare,1,1,3. 경쟁사 주요 지표 비교
2022-10-06,3Ge1IhgKikuFJvSIlvoSnA,AppAudienceStudioDetailsInsightsAudienceProfilePage,/Bse7vQOq0kmaHxUlrbnCWA/customer-data/3Ge1IhgKikuFJvSIlvoSnA/audience-studio/QBP5YKYORES7zhIB5mWPuQ/insight/audience-profile,2,3,1. 오디언스 프로파일
2022-10-06,4otkaNsrHEqbLa5baMHTvw,AppAudienceStudioDetailsInsightsAudienceProfilePage,/zE25MUBRwUWQkvjzg0aw8Q/customer-data/4otkaNsrHEqbLa5baMHTvw/audience-studio/0aeEOBaTQkaYgc95gnltTA/insight/audience-profile,1,1,1. 오디언스 프로파일
2022-10-06,4otkaNsrHEqbLa5baMHTvw,AppAudienceStudioDetailsInsightsAudienceProfilePage,/zE25MUBRwUWQkvjzg0aw8Q/customer-data/4otkaNsrHEqbLa5baMHTvw/audience-studio/GnaANsPiGkaloZoYLUAavA/insight/audience-profile,1,1,1. 오디언스 프로파일
2022-10-05,4otkaNsrHEqbLa5baMHTvw,AppAudienceStudioDetailsInsightsAudienceProfilePage,/zE25MUBRwUWQkvjzg0aw8Q/customer-data/4otkaNsrHEqbLa5baMHTvw/audience-studio/0aeEOBaTQkaYgc95gnltTA/insight/audience-profile,1,1,1. 오디언스 프로파일
2022-09-29,4otkaNsrHEqbLa5baMHTvw,AppAudienceStudioDetailsInsightsAudienceProfilePage,/zE25MUBRwUWQkvjzg0aw8Q/customer-data/4otkaNsrHEqbLa5baMHTvw/audience-studio/0aeEOBaTQkaYgc95gnltTA/insight/audience-profile,1,2,1. 오디언스 프로파일
2022-09-28,4otkaNsrHEqbLa5baMHTvw,AppAudienceStudioDetailsInsightsAudienceProfilePage,/zE25MUBRwUWQkvjzg0aw8Q/customer-data/4otkaNsrHEqbLa5baMHTvw/audience-studio/TPJmENqpQkCA2OsO93E08w/insight/audience-profile,1,1,1. 오디언스 프로파일
2022-09-28,4otkaNsrHEqbLa5baMHTvw,AppAudienceStudioDetailsInsightsAudienceProfilePage,/zE25MUBRwUWQkvjzg0aw8Q/customer-data/4otkaNsrHEqbLa5baMHTvw/audience-studio/GnaANsPiGkaloZoYLUAavA/insight/audience-profile,1,2,1. 오디언스 프로파일
2022-09-28,2ktEfh72p0GEz3dQ9OkcpQ,AppAudienceStudioDetailsInsightsAudienceProfilePage,/oEazmjVCNkK5AYlzoR2usg/customer-data/2ktEfh72p0GEz3dQ9OkcpQ/audience-studio/UezkSaNBMEqs43PC9XfVUw/insight/audience-profile,1,1,1. 오디언스 프로파일
2022-09-28,2ktEfh72p0GEz3dQ9OkcpQ,AppAudienceStudioDetailsInsightsCompetitionAppComparePage,/oEazmjVCNkK5AYlzoR2usg/customer-data/2ktEfh72p0GEz3dQ9OkcpQ/audience-studio/UezkSaNBMEqs43PC9XfVUw/insight/competition-app-compare,1,1,3. 경쟁사 주요 지표 비교
2022-09-27,4otkaNsrHEqbLa5baMHTvw,AppAudienceStudioDetailsInsightsAudienceProfilePage,/zE25MUBRwUWQkvjzg0aw8Q/customer-data/4otkaNsrHEqbLa5baMHTvw/audience-studio/TPJmENqpQkCA2OsO93E08w/insight/audience-profile,1,2,1. 오디언스 프로파일
2022-09-22,4otkaNsrHEqbLa5baMHTvw,AppAudienceStudioDetailsInsightsCompetitionAppComparePage,/zE25MUBRwUWQkvjzg0aw8Q/customer-data/4otkaNsrHEqbLa5baMHTvw/audience-studio/O8IwZmqjIkKm4CSMYfGtkQ/insight/competition-app-compare,1,1,3. 경쟁사 주요 지표 비교
2022-09-22,4otkaNsrHEqbLa5baMHTvw,AppAudienceStudioDetailsInsightsAudienceProfilePage,/zE25MUBRwUWQkvjzg0aw8Q/customer-data/4otkaNsrHEqbLa5baMHTvw/audience-studio/O8IwZmqjIkKm4CSMYfGtkQ/insight/audience-profile,1,2,1. 오디언스 프로파일
2022-09-22,4otkaNsrHEqbLa5baMHTvw,AppAudienceStudioDetailsInsightsAudienceProfilePage,/zE25MUBRwUWQkvjzg0aw8Q/customer-data/4otkaNsrHEqbLa5baMHTvw/audience-studio/9uMaBWCdskK5hPrSruOycg/insight/audience-profile,1,2,1. 오디언스 프로파일
2022-09-22,4otkaNsrHEqbLa5baMHTvw,AppAudienceStudioDetailsInsightsAudienceProfilePage,/zE25MUBRwUWQkvjzg0aw8Q/customer-data/4otkaNsrHEqbLa5baMHTvw/audience-studio/Agz8dVf4a0auQQg29DBD4A/insight/audience-profile,1,1,1. 오디언스 프로파일
2022-09-20,in6nDWil0UyVvQrY629sMg,AppAudienceStudioDetailsInsightsAudienceProfilePage,/RbrOZIdrT0iSWBdroQPd5g/customer-data/in6nDWil0UyVvQrY629sMg/audience-studio/AN2WVnql10qnuppIDP82ug/insight/audience-profile,1,2,1. 오디언스 프로파일
2022-09-20,TXuJbcN9MUq0aIaoMdxoHQ,AppAudienceStudioDetailsInsightsAudienceProfilePage,/5KEzak57oE6bRGtPK5d8WQ/customer-data/TXuJbcN9MUq0aIaoMdxoHQ/audience-studio/chtpNJp4uky1nwMPiXdcsQ/insight/audience-profile,1,1,1. 오디언스 프로파일
2022-09-20,aa3oaAZPUUKyjmOmPL3JWA,AppAudienceStudioDetailsInsightsAudienceProfilePage,/QHM8ZfrS5kCpg604bZlVbw/customer-data/aa3oaAZPUUKyjmOmPL3JWA/audience-studio/9YYXWwqo1UefDhDY9EffAA/insight/audience-profile,1,1,1. 오디언스 프로파일
2022-09-19,in6nDWil0UyVvQrY629sMg,AppAudienceStudioDetailsInsightsAudienceProfilePage,/RbrOZIdrT0iSWBdroQPd5g/customer-data/in6nDWil0UyVvQrY629sMg/audience-studio/jxBn8NuhWEW9XkOHR8GekQ/insight/audience-profile,4,6,1. 오디언스 프로파일
2022-09-19,in6nDWil0UyVvQrY629sMg,AppAudienceStudioDetailsInsightsAudienceProfilePage,/RbrOZIdrT0iSWBdroQPd5g/customer-data/in6nDWil0UyVvQrY629sMg/audience-studio/1obf9oo9BEOoByrbrbR9Sg/insight/audience-profile,1,1,1. 오디언스 프로파일
2022-09-16,4otkaNsrHEqbLa5baMHTvw,AppAudienceStudioDetailsInsightsAudienceProfilePage,/zE25MUBRwUWQkvjzg0aw8Q/customer-data/4otkaNsrHEqbLa5baMHTvw/audience-studio/Uksj8GLFbE2o1hj0QvSMMw/insight/audience-profile,1,1,1. 오디언스 프로파일
2022-09-16,4otkaNsrHEqbLa5baMHTvw,AppAudienceStudioDetailsInsightsUserMovementPage,/zE25MUBRwUWQkvjzg0aw8Q/customer-data/4otkaNsrHEqbLa5baMHTvw/audience-studio/Uksj8GLFbE2o1hj0QvSMMw/insight/user-movement,1,1,2. 유저동선
2022-09-16,FsDsGsZ3AECoi4M29ZWuCg,AppAudienceStudioDetailsInsightsAudienceProfilePage,/WNxrTAMz9U6SGf6DNVbEFQ/customer-data/FsDsGsZ3AECoi4M29ZWuCg/audience-studio/pYgNkfpA9UWUcCc99LMY7g/insight/audience-profile,1,3,1. 오디언스 프로파일
2022-09-15,in6nDWil0UyVvQrY629sMg,AppAudienceStudioDetailsInsightsCompetitionAppComparePage,/RbrOZIdrT0iSWBdroQPd5g/customer-data/in6nDWil0UyVvQrY629sMg/audience-studio/H8k2Z9gIMUe63ybYBHEKhg/insight/competition-app-compare,1,1,3. 경쟁사 주요 지표 비교
2022-09-15,in6nDWil0UyVvQrY629sMg,AppAudienceStudioDetailsInsightsCompetitionAppComparePage,/RbrOZIdrT0iSWBdroQPd5g/customer-data/in6nDWil0UyVvQrY629sMg/audience-studio/bajZDWIjA0itzDMV8cWepQ/insight/competition-app-compare,2,3,3. 경쟁사 주요 지표 비교
2022-09-15,4otkaNsrHEqbLa5baMHTvw,AppAudienceStudioDetailsInsightsUserMovementPage,/zE25MUBRwUWQkvjzg0aw8Q/customer-data/4otkaNsrHEqbLa5baMHTvw/audience-studio/YDJZ5McUw0CMBbwEiWNreA/insight/user-movement,1,1,2. 유저동선
2022-09-15,in6nDWil0UyVvQrY629sMg,AppAudienceStudioDetailsInsightsCompetitionAppComparePage,/RbrOZIdrT0iSWBdroQPd5g/customer-data/in6nDWil0UyVvQrY629sMg/audience-studio/ITQpiySfnkiUfHNpZCbyHQ/insight/competition-app-compare,1,1,3. 경쟁사 주요 지표 비교
2022-09-15,4otkaNsrHEqbLa5baMHTvw,AppAudienceStudioDetailsInsightsUserMovementPage,/zE25MUBRwUWQkvjzg0aw8Q/customer-data/4otkaNsrHEqbLa5baMHTvw/audience-studio/5mzXWegO70aZ2C9WcmK30A/insight/user-movement,1,1,2. 유저동선
2022-09-15,in6nDWil0UyVvQrY629sMg,AppAudienceStudioDetailsInsightsUserMovementPage,/RbrOZIdrT0iSWBdroQPd5g/customer-data/in6nDWil0UyVvQrY629sMg/audience-studio/bajZDWIjA0itzDMV8cWepQ/insight/user-movement,2,3,2. 유저동선
2022-09-15,4otkaNsrHEqbLa5baMHTvw,AppAudienceStudioDetailsInsightsCompetitionAppComparePage,/zE25MUBRwUWQkvjzg0aw8Q/customer-data/4otkaNsrHEqbLa5baMHTvw/audience-studio/5mzXWegO70aZ2C9WcmK30A/insight/competition-app-compare,1,1,3. 경쟁사 주요 지표 비교
2022-09-15,4otkaNsrHEqbLa5baMHTvw,AppAudienceStudioDetailsInsightsAudienceProfilePage,/zE25MUBRwUWQkvjzg0aw8Q/customer-data/4otkaNsrHEqbLa5baMHTvw/audience-studio/XZYk7BbcnEC9Ai2wU25c9g/insight/audience-profile,1,2,1. 오디언스 프로파일
2022-09-15,4otkaNsrHEqbLa5baMHTvw,AppAudienceStudioDetailsInsightsCompetitionAppComparePage,/zE25MUBRwUWQkvjzg0aw8Q/customer-data/4otkaNsrHEqbLa5baMHTvw/audience-studio/YDJZ5McUw0CMBbwEiWNreA/insight/competition-app-compare,1,1,3. 경쟁사 주요 지표 비교
2022-09-15,in6nDWil0UyVvQrY629sMg,AppAudienceStudioDetailsInsightsAudienceProfilePage,/RbrOZIdrT0iSWBdroQPd5g/customer-data/in6nDWil0UyVvQrY629sMg/audience-studio/H8k2Z9gIMUe63ybYBHEKhg/insight/audience-profile,2,2,1. 오디언스 프로파일
2022-09-15,in6nDWil0UyVvQrY629sMg,AppAudienceStudioDetailsInsightsUserMovementPage,/RbrOZIdrT0iSWBdroQPd5g/customer-data/in6nDWil0UyVvQrY629sMg/audience-studio/H8k2Z9gIMUe63ybYBHEKhg/insight/user-movement,1,1,2. 유저동선
2022-09-15,in6nDWil0UyVvQrY629sMg,AppAudienceStudioDetailsInsightsUserMovementPage,/RbrOZIdrT0iSWBdroQPd5g/customer-data/in6nDWil0UyVvQrY629sMg/audience-studio/ITQpiySfnkiUfHNpZCbyHQ/insight/user-movement,1,2,2. 유저동선
2022-09-15,4otkaNsrHEqbLa5baMHTvw,AppAudienceStudioDetailsInsightsAudienceProfilePage,/zE25MUBRwUWQkvjzg0aw8Q/customer-data/4otkaNsrHEqbLa5baMHTvw/audience-studio/mo7E990sj0GoPnmI7ga2vA/insight/audience-profile,1,3,1. 오디언스 프로파일
2022-09-15,in6nDWil0UyVvQrY629sMg,AppAudienceStudioDetailsInsightsAudienceProfilePage,/RbrOZIdrT0iSWBdroQPd5g/customer-data/in6nDWil0UyVvQrY629sMg/audience-studio/bajZDWIjA0itzDMV8cWepQ/insight/audience-profile,4,4,1. 오디언스 프로파일
2022-09-15,4otkaNsrHEqbLa5baMHTvw,AppAudienceStudioDetailsInsightsAudienceProfilePage,/zE25MUBRwUWQkvjzg0aw8Q/customer-data/4otkaNsrHEqbLa5baMHTvw/audience-studio/YDJZ5McUw0CMBbwEiWNreA/insight/audience-profile,1,3,1. 오디언스 프로파일
2022-09-15,in6nDWil0UyVvQrY629sMg,AppAudienceStudioDetailsInsightsAudienceProfilePage,/RbrOZIdrT0iSWBdroQPd5g/customer-data/in6nDWil0UyVvQrY629sMg/audience-studio/ITQpiySfnkiUfHNpZCbyHQ/insight/audience-profile,1,2,1. 오디언스 프로파일
2022-09-15,4otkaNsrHEqbLa5baMHTvw,AppAudienceStudioDetailsInsightsUserMovementPage,/zE25MUBRwUWQkvjzg0aw8Q/customer-data/4otkaNsrHEqbLa5baMHTvw/audience-studio/mo7E990sj0GoPnmI7ga2vA/insight/user-movement,1,1,2. 유저동선
2022-09-15,in6nDWil0UyVvQrY629sMg,AppAudienceStudioDetailsInsightsAudienceProfilePage,/RbrOZIdrT0iSWBdroQPd5g/customer-data/in6nDWil0UyVvQrY629sMg/audience-studio/MnxtRGNkCEyXeC3o5hZjuQ/insight/audience-profile,1,1,1. 오디언스 프로파일
2022-09-15,4otkaNsrHEqbLa5baMHTvw,AppAudienceStudioDetailsInsightsAudienceProfilePage,/zE25MUBRwUWQkvjzg0aw8Q/customer-data/4otkaNsrHEqbLa5baMHTvw/audience-studio/5mzXWegO70aZ2C9WcmK30A/insight/audience-profile,1,3,1. 오디언스 프로파일
2022-09-14,30ctm8mzPk6fhdeXkvZsDw,AppAudienceStudioDetailsInsightsUserMovementPage,/hPmw1NjqckSaa1LJPpu7WQ/customer-data/30ctm8mzPk6fhdeXkvZsDw/audience-studio/3q5K2yNz5EqMeZnDUrG6OA/insight/user-movement,1,1,2. 유저동선
2022-09-14,TXuJbcN9MUq0aIaoMdxoHQ,AppAudienceStudioDetailsInsightsAudienceProfilePage,/5KEzak57oE6bRGtPK5d8WQ/customer-data/TXuJbcN9MUq0aIaoMdxoHQ/audience-studio/DQg0LCt9mECICVnQODZsfA/insight/audience-profile,1,1,1. 오디언스 프로파일
2022-09-14,4otkaNsrHEqbLa5baMHTvw,AppAudienceStudioDetailsInsightsCompetitionAppComparePage,/zE25MUBRwUWQkvjzg0aw8Q/customer-data/4otkaNsrHEqbLa5baMHTvw/audience-studio/XZYk7BbcnEC9Ai2wU25c9g/insight/competition-app-compare,1,1,3. 경쟁사 주요 지표 비교
2022-09-14,4otkaNsrHEqbLa5baMHTvw,AppAudienceStudioDetailsInsightsAudienceProfilePage,/zE25MUBRwUWQkvjzg0aw8Q/customer-data/4otkaNsrHEqbLa5baMHTvw/audience-studio/mo7E990sj0GoPnmI7ga2vA/insight/audience-profile,1,1,1. 오디언스 프로파일
2022-09-14,TXuJbcN9MUq0aIaoMdxoHQ,AppAudienceStudioDetailsInsightsCompetitionAppComparePage,/5KEzak57oE6bRGtPK5d8WQ/customer-data/TXuJbcN9MUq0aIaoMdxoHQ/audience-studio/DQg0LCt9mECICVnQODZsfA/insight/competition-app-compare,1,2,3. 경쟁사 주요 지표 비교
2022-09-14,lGGeRug9wUOCqzszYDk0XA,AppAudienceStudioDetailsInsightsCompetitionAppComparePage,/vT7bZkb67Ui9MvVVkLNFcg/customer-data/lGGeRug9wUOCqzszYDk0XA/audience-studio/NcNLIqaTTEWg85XSYlGapg/insight/competition-app-compare,1,1,3. 경쟁사 주요 지표 비교
2022-09-14,TXuJbcN9MUq0aIaoMdxoHQ,AppAudienceStudioDetailsInsightsAudienceProfilePage,/5KEzak57oE6bRGtPK5d8WQ/customer-data/TXuJbcN9MUq0aIaoMdxoHQ/audience-studio/2VMEoAmsNEakDREhQ3D2dg/insight/audience-profile,1,1,1. 오디언스 프로파일
2022-09-14,lGGeRug9wUOCqzszYDk0XA,AppAudienceStudioDetailsInsightsAudienceProfilePage,/vT7bZkb67Ui9MvVVkLNFcg/customer-data/lGGeRug9wUOCqzszYDk0XA/audience-studio/NcNLIqaTTEWg85XSYlGapg/insight/audience-profile,1,1,1. 오디언스 프로파일
2022-09-14,TXuJbcN9MUq0aIaoMdxoHQ,AppAudienceStudioDetailsInsightsUserMovementPage,/5KEzak57oE6bRGtPK5d8WQ/customer-data/TXuJbcN9MUq0aIaoMdxoHQ/audience-studio/DQg0LCt9mECICVnQODZsfA/insight/user-movement,1,1,2. 유저동선
2022-09-14,4otkaNsrHEqbLa5baMHTvw,AppAudienceStudioDetailsInsightsAudienceProfilePage,/zE25MUBRwUWQkvjzg0aw8Q/customer-data/4otkaNsrHEqbLa5baMHTvw/audience-studio/YDJZ5McUw0CMBbwEiWNreA/insight/audience-profile,1,2,1. 오디언스 프로파일
2022-09-14,4otkaNsrHEqbLa5baMHTvw,AppAudienceStudioDetailsInsightsCompetitionAppComparePage,/zE25MUBRwUWQkvjzg0aw8Q/customer-data/4otkaNsrHEqbLa5baMHTvw/audience-studio/YDJZ5McUw0CMBbwEiWNreA/insight/competition-app-compare,1,1,3. 경쟁사 주요 지표 비교
2022-09-14,4otkaNsrHEqbLa5baMHTvw,AppAudienceStudioDetailsInsightsAudienceProfilePage,/zE25MUBRwUWQkvjzg0aw8Q/customer-data/4otkaNsrHEqbLa5baMHTvw/audience-studio/XZYk7BbcnEC9Ai2wU25c9g/insight/audience-profile,1,1,1. 오디언스 프로파일
2022-09-13,30ctm8mzPk6fhdeXkvZsDw,AppAudienceStudioDetailsInsightsAudienceProfilePage,/hPmw1NjqckSaa1LJPpu7WQ/customer-data/30ctm8mzPk6fhdeXkvZsDw/audience-studio/3q5K2yNz5EqMeZnDUrG6OA/insight/audience-profile,1,1,1. 오디언스 프로파일
2022-09-13,30ctm8mzPk6fhdeXkvZsDw,AppAudienceStudioDetailsInsightsCompetitionAppComparePage,/hPmw1NjqckSaa1LJPpu7WQ/customer-data/30ctm8mzPk6fhdeXkvZsDw/audience-studio/3q5K2yNz5EqMeZnDUrG6OA/insight/competition-app-compare,1,1,3. 경쟁사 주요 지표 비교
2022-09-13,30ctm8mzPk6fhdeXkvZsDw,AppAudienceStudioDetailsInsightsUserMovementPage,/hPmw1NjqckSaa1LJPpu7WQ/customer-data/30ctm8mzPk6fhdeXkvZsDw/audience-studio/3q5K2yNz5EqMeZnDUrG6OA/insight/user-movement,1,2,2. 유저동선
2022-09-13,4otkaNsrHEqbLa5baMHTvw,AppAudienceStudioDetailsInsightsAudienceProfilePage,/zE25MUBRwUWQkvjzg0aw8Q/customer-data/4otkaNsrHEqbLa5baMHTvw/audience-studio/B3aT5TpbyUmFm3vU3JZzNg/insight/audience-profile,1,1,1. 오디언스 프로파일
2022-09-07,4otkaNsrHEqbLa5baMHTvw,AppAudienceStudioDetailsInsightsAudienceProfilePage,/zE25MUBRwUWQkvjzg0aw8Q/customer-data/4otkaNsrHEqbLa5baMHTvw/audience-studio/bE07pekackOgxd7UdaAFfw/insight/audience-profile,1,1,1. 오디언스 프로파일
2022-09-07,4otkaNsrHEqbLa5baMHTvw,AppAudienceStudioDetailsInsightsAudienceProfilePage,/zE25MUBRwUWQkvjzg0aw8Q/customer-data/4otkaNsrHEqbLa5baMHTvw/audience-studio/bw8CmcQH9UGqznKDm9Tlcg/insight/audience-profile,1,1,1. 오디언스 프로파일
2022-09-07,30ctm8mzPk6fhdeXkvZsDw,AppAudienceStudioDetailsInsightsUserMovementPage,/hPmw1NjqckSaa1LJPpu7WQ/customer-data/30ctm8mzPk6fhdeXkvZsDw/audience-studio/mu0KCY2QtEaGSc7DSKUumg/insight/user-movement,1,3,2. 유저동선
2022-09-07,30ctm8mzPk6fhdeXkvZsDw,AppAudienceStudioDetailsInsightsAudienceProfilePage,/hPmw1NjqckSaa1LJPpu7WQ/customer-data/30ctm8mzPk6fhdeXkvZsDw/audience-studio/JZPhooBh90y2VYKOGOtq4A/insight/audience-profile,1,1,1. 오디언스 프로파일
2022-09-07,30ctm8mzPk6fhdeXkvZsDw,AppAudienceStudioDetailsInsightsAudienceProfilePage,/hPmw1NjqckSaa1LJPpu7WQ/customer-data/30ctm8mzPk6fhdeXkvZsDw/audience-studio/mu0KCY2QtEaGSc7DSKUumg/insight/audience-profile,1,1,1. 오디언스 프로파일
2022-09-07,30ctm8mzPk6fhdeXkvZsDw,AppAudienceStudioDetailsInsightsCompetitionAppComparePage,/hPmw1NjqckSaa1LJPpu7WQ/customer-data/30ctm8mzPk6fhdeXkvZsDw/audience-studio/mu0KCY2QtEaGSc7DSKUumg/insight/competition-app-compare,1,1,3. 경쟁사 주요 지표 비교
2022-09-07,30ctm8mzPk6fhdeXkvZsDw,AppAudienceStudioDetailsInsightsUserMovementPage,/hPmw1NjqckSaa1LJPpu7WQ/customer-data/30ctm8mzPk6fhdeXkvZsDw/audience-studio/3q5K2yNz5EqMeZnDUrG6OA/insight/user-movement,1,2,2. 유저동선
2022-09-07,4otkaNsrHEqbLa5baMHTvw,AppAudienceStudioDetailsInsightsAudienceProfilePage,/zE25MUBRwUWQkvjzg0aw8Q/customer-data/4otkaNsrHEqbLa5baMHTvw/audience-studio/X0Ux1oUTokWWiUsgqc23bg/insight/audience-profile,1,1,1. 오디언스 프로파일
2022-09-07,30ctm8mzPk6fhdeXkvZsDw,AppAudienceStudioDetailsInsightsAudienceProfilePage,/hPmw1NjqckSaa1LJPpu7WQ/customer-data/30ctm8mzPk6fhdeXkvZsDw/audience-studio/3q5K2yNz5EqMeZnDUrG6OA/insight/audience-profile,1,2,1. 오디언스 프로파일
2022-09-07,4otkaNsrHEqbLa5baMHTvw,AppAudienceStudioDetailsInsightsAudienceProfilePage,/zE25MUBRwUWQkvjzg0aw8Q/customer-data/4otkaNsrHEqbLa5baMHTvw/audience-studio/9uMaBWCdskK5hPrSruOycg/insight/audience-profile,1,1,1. 오디언스 프로파일
2022-09-07,30ctm8mzPk6fhdeXkvZsDw,AppAudienceStudioDetailsInsightsCompetitionAppComparePage,/hPmw1NjqckSaa1LJPpu7WQ/customer-data/30ctm8mzPk6fhdeXkvZsDw/audience-studio/3q5K2yNz5EqMeZnDUrG6OA/insight/competition-app-compare,1,1,3. 경쟁사 주요 지표 비교
2022-09-06,4otkaNsrHEqbLa5baMHTvw,AppAudienceStudioDetailsInsightsUserMovementPage,/zE25MUBRwUWQkvjzg0aw8Q/customer-data/4otkaNsrHEqbLa5baMHTvw/audience-studio/bw8CmcQH9UGqznKDm9Tlcg/insight/user-movement,1,1,2. 유저동선
2022-09-06,KrBIuNZZPE6Sd9wEUVAY5w,AppAudienceStudioDetailsInsightsAudienceProfilePage,/bxwqhFp4j06qE1XJUFUaEA/customer-data/KrBIuNZZPE6Sd9wEUVAY5w/audience-studio/tuKZvSiXlUmyyp2l8LPFPA/insight/audience-profile,1,1,1. 오디언스 프로파일
2022-09-06,4otkaNsrHEqbLa5baMHTvw,AppAudienceStudioDetailsInsightsAudienceProfilePage,/zE25MUBRwUWQkvjzg0aw8Q/customer-data/4otkaNsrHEqbLa5baMHTvw/audience-studio/bw8CmcQH9UGqznKDm9Tlcg/insight/audience-profile,1,2,1. 오디언스 프로파일
2022-09-06,TXuJbcN9MUq0aIaoMdxoHQ,AppAudienceStudioDetailsInsightsUserMovementPage,/5KEzak57oE6bRGtPK5d8WQ/customer-data/TXuJbcN9MUq0aIaoMdxoHQ/audience-studio/DQg0LCt9mECICVnQODZsfA/insight/user-movement,1,1,2. 유저동선
2022-09-06,KrBIuNZZPE6Sd9wEUVAY5w,AppAudienceStudioDetailsInsightsAudienceProfilePage,/bxwqhFp4j06qE1XJUFUaEA/customer-data/KrBIuNZZPE6Sd9wEUVAY5w/audience-studio/1aGMI4dNiUeC4oZEMmxWFw/insight/audience-profile,1,1,1. 오디언스 프로파일
2022-09-06,TXuJbcN9MUq0aIaoMdxoHQ,AppAudienceStudioDetailsInsightsAudienceProfilePage,/5KEzak57oE6bRGtPK5d8WQ/customer-data/TXuJbcN9MUq0aIaoMdxoHQ/audience-studio/DQg0LCt9mECICVnQODZsfA/insight/audience-profile,1,1,1. 오디언스 프로파일
2022-09-06,KrBIuNZZPE6Sd9wEUVAY5w,AppAudienceStudioDetailsInsightsUserMovementPage,/bxwqhFp4j06qE1XJUFUaEA/customer-data/KrBIuNZZPE6Sd9wEUVAY5w/audience-studio/tuKZvSiXlUmyyp2l8LPFPA/insight/user-movement,1,1,2. 유저동선
2022-09-05,4otkaNsrHEqbLa5baMHTvw,AppAudienceStudioDetailsInsightsUserMovementPage,/zE25MUBRwUWQkvjzg0aw8Q/customer-data/4otkaNsrHEqbLa5baMHTvw/audience-studio/bw8CmcQH9UGqznKDm9Tlcg/insight/user-movement,1,1,2. 유저동선
2022-09-05,TXuJbcN9MUq0aIaoMdxoHQ,AppAudienceStudioDetailsInsightsAudienceProfilePage,/5KEzak57oE6bRGtPK5d8WQ/customer-data/TXuJbcN9MUq0aIaoMdxoHQ/audience-studio/DQg0LCt9mECICVnQODZsfA/insight/audience-profile,1,8,1. 오디언스 프로파일
2022-09-05,TXuJbcN9MUq0aIaoMdxoHQ,AppAudienceStudioDetailsInsightsUserMovementPage,/5KEzak57oE6bRGtPK5d8WQ/customer-data/TXuJbcN9MUq0aIaoMdxoHQ/audience-studio/DQg0LCt9mECICVnQODZsfA/insight/user-movement,1,2,2. 유저동선
2022-09-05,4otkaNsrHEqbLa5baMHTvw,AppAudienceStudioDetailsInsightsAudienceProfilePage,/zE25MUBRwUWQkvjzg0aw8Q/customer-data/4otkaNsrHEqbLa5baMHTvw/audience-studio/ze3EcdIqAkGBk4mNlTK40w/insight/audience-profile,1,1,1. 오디언스 프로파일
2022-09-05,4otkaNsrHEqbLa5baMHTvw,AppAudienceStudioDetailsInsightsUserMovementPage,/zE25MUBRwUWQkvjzg0aw8Q/customer-data/4otkaNsrHEqbLa5baMHTvw/audience-studio/bE07pekackOgxd7UdaAFfw/insight/user-movement,1,1,2. 유저동선
2022-09-05,2ktEfh72p0GEz3dQ9OkcpQ,AppAudienceStudioDetailsInsightsAudienceProfilePage,/oEazmjVCNkK5AYlzoR2usg/customer-data/2ktEfh72p0GEz3dQ9OkcpQ/audience-studio/UezkSaNBMEqs43PC9XfVUw/insight/audience-profile,1,1,1. 오디언스 프로파일
2022-09-05,TXuJbcN9MUq0aIaoMdxoHQ,AppAudienceStudioDetailsInsightsCompetitionAppComparePage,/5KEzak57oE6bRGtPK5d8WQ/customer-data/TXuJbcN9MUq0aIaoMdxoHQ/audience-studio/DQg0LCt9mECICVnQODZsfA/insight/competition-app-compare,1,4,3. 경쟁사 주요 지표 비교
2022-09-05,2ktEfh72p0GEz3dQ9OkcpQ,AppAudienceStudioDetailsInsightsUserMovementPage,/oEazmjVCNkK5AYlzoR2usg/customer-data/2ktEfh72p0GEz3dQ9OkcpQ/audience-studio/UezkSaNBMEqs43PC9XfVUw/insight/user-movement,1,1,2. 유저동선
2022-09-05,4otkaNsrHEqbLa5baMHTvw,AppAudienceStudioDetailsInsightsAudienceProfilePage,/zE25MUBRwUWQkvjzg0aw8Q/customer-data/4otkaNsrHEqbLa5baMHTvw/audience-studio/bE07pekackOgxd7UdaAFfw/insight/audience-profile,1,2,1. 오디언스 프로파일
2022-09-05,4otkaNsrHEqbLa5baMHTvw,AppAudienceStudioDetailsInsightsAudienceProfilePage,/zE25MUBRwUWQkvjzg0aw8Q/customer-data/4otkaNsrHEqbLa5baMHTvw/audience-studio/QV7xVdzWnUaqT8KdBKePnw/insight/audience-profile,1,1,1. 오디언스 프로파일
2022-09-05,qFGWaOYwFUWF0e45LJ5KhQ,AppAudienceStudioDetailsInsightsAudienceProfilePage,/kBhLmDOfakuvokdsaVFymQ/customer-data/qFGWaOYwFUWF0e45LJ5KhQ/audience-studio/nRvCY7y7ZkeC8wCfUZvpQQ/insight/audience-profile,1,2,1. 오디언스 프로파일
2022-09-05,4otkaNsrHEqbLa5baMHTvw,AppAudienceStudioDetailsInsightsAudienceProfilePage,/zE25MUBRwUWQkvjzg0aw8Q/customer-data/4otkaNsrHEqbLa5baMHTvw/audience-studio/bw8CmcQH9UGqznKDm9Tlcg/insight/audience-profile,1,2,1. 오디언스 프로파일
2022-09-05,4otkaNsrHEqbLa5baMHTvw,AppAudienceStudioDetailsInsightsUserMovementPage,/zE25MUBRwUWQkvjzg0aw8Q/customer-data/4otkaNsrHEqbLa5baMHTvw/audience-studio/ze3EcdIqAkGBk4mNlTK40w/insight/user-movement,1,1,2. 유저동선
2022-09-02,ewwA4mnf5UanyP8GAOo3Tw,AppAudienceStudioDetailsInsightsAudienceProfilePage,/XgPFPOBu80SJnE7ovCOpXw/customer-data/ewwA4mnf5UanyP8GAOo3Tw/audience-studio/0kGl7xUeQUqSuifec6xP8g/insight/audience-profile,1,2,1. 오디언스 프로파일
2022-09-02,qFGWaOYwFUWF0e45LJ5KhQ,AppAudienceStudioDetailsInsightsAudienceProfilePage,/kBhLmDOfakuvokdsaVFymQ/customer-data/qFGWaOYwFUWF0e45LJ5KhQ/audience-studio/nRvCY7y7ZkeC8wCfUZvpQQ/insight/audience-profile,1,1,1. 오디언스 프로파일
2022-09-01,lGGeRug9wUOCqzszYDk0XA,AppAudienceStudioDetailsInsightsCompetitionAppComparePage,/vT7bZkb67Ui9MvVVkLNFcg/customer-data/lGGeRug9wUOCqzszYDk0XA/audience-studio/NcNLIqaTTEWg85XSYlGapg/insight/competition-app-compare,1,1,3. 경쟁사 주요 지표 비교
2022-09-01,lGGeRug9wUOCqzszYDk0XA,AppAudienceStudioDetailsInsightsUserMovementPage,/vT7bZkb67Ui9MvVVkLNFcg/customer-data/lGGeRug9wUOCqzszYDk0XA/audience-studio/NcNLIqaTTEWg85XSYlGapg/insight/user-movement,1,1,2. 유저동선
2022-09-01,lGGeRug9wUOCqzszYDk0XA,AppAudienceStudioDetailsInsightsAudienceProfilePage,/vT7bZkb67Ui9MvVVkLNFcg/customer-data/lGGeRug9wUOCqzszYDk0XA/audience-studio/NcNLIqaTTEWg85XSYlGapg/insight/audience-profile,1,3,1. 오디언스 프로파일
2022-09-01,4otkaNsrHEqbLa5baMHTvw,AppAudienceStudioDetailsInsightsAudienceProfilePage,/zE25MUBRwUWQkvjzg0aw8Q/customer-data/4otkaNsrHEqbLa5baMHTvw/audience-studio/wCJloLkgq0yVHEXvdqpsgw/insight/audience-profile,1,1,1. 오디언스 프로파일
2022-09-01,4otkaNsrHEqbLa5baMHTvw,AppAudienceStudioDetailsInsightsUserMovementPage,/zE25MUBRwUWQkvjzg0aw8Q/customer-data/4otkaNsrHEqbLa5baMHTvw/audience-studio/wCJloLkgq0yVHEXvdqpsgw/insight/user-movement,1,1,2. 유저동선
2022-09-01,4otkaNsrHEqbLa5baMHTvw,AppAudienceStudioDetailsInsightsCompetitionAppComparePage,/zE25MUBRwUWQkvjzg0aw8Q/customer-data/4otkaNsrHEqbLa5baMHTvw/audience-studio/wCJloLkgq0yVHEXvdqpsgw/insight/competition-app-compare,1,1,3. 경쟁사 주요 지표 비교
2022-08-31,30ctm8mzPk6fhdeXkvZsDw,AppAudienceStudioDetailsInsightsAudienceProfilePage,/hPmw1NjqckSaa1LJPpu7WQ/customer-data/30ctm8mzPk6fhdeXkvZsDw/audience-studio/0OLBJxlWNUayJ4cMwG4Bgw/insight/audience-profile,1,6,1. 오디언스 프로파일
2022-08-31,30ctm8mzPk6fhdeXkvZsDw,AppAudienceStudioDetailsInsightsUserMovementPage,/hPmw1NjqckSaa1LJPpu7WQ/customer-data/30ctm8mzPk6fhdeXkvZsDw/audience-studio/0OLBJxlWNUayJ4cMwG4Bgw/insight/user-movement,1,1,2. 유저동선
2022-08-31,30ctm8mzPk6fhdeXkvZsDw,AppAudienceStudioDetailsInsightsCompetitionAppComparePage,/hPmw1NjqckSaa1LJPpu7WQ/customer-data/30ctm8mzPk6fhdeXkvZsDw/audience-studio/0OLBJxlWNUayJ4cMwG4Bgw/insight/competition-app-compare,1,1,3. 경쟁사 주요 지표 비교
2022-08-30,FsDsGsZ3AECoi4M29ZWuCg,AppAudienceStudioDetailsInsightsUserMovementPage,/WNxrTAMz9U6SGf6DNVbEFQ/customer-data/FsDsGsZ3AECoi4M29ZWuCg/audience-studio/XTTQ0zlRc0Kj6cDJ2K1SvA/insight/user-movement,1,5,2. 유저동선
2022-08-30,2ktEfh72p0GEz3dQ9OkcpQ,AppAudienceStudioDetailsInsightsAudienceProfilePage,/oEazmjVCNkK5AYlzoR2usg/customer-data/2ktEfh72p0GEz3dQ9OkcpQ/audience-studio/UezkSaNBMEqs43PC9XfVUw/insight/audience-profile,1,3,1. 오디언스 프로파일
2022-08-30,2ktEfh72p0GEz3dQ9OkcpQ,AppAudienceStudioDetailsInsightsUserMovementPage,/oEazmjVCNkK5AYlzoR2usg/customer-data/2ktEfh72p0GEz3dQ9OkcpQ/audience-studio/UezkSaNBMEqs43PC9XfVUw/insight/user-movement,1,1,2. 유저동선
2022-08-30,X9dgIBt6FkSKLr7YxpFtEQ,AppAudienceStudioDetailsInsightsAudienceProfilePage,/S9iXUPlIjkiTIOnUp9rbNQ/customer-data/X9dgIBt6FkSKLr7YxpFtEQ/audience-studio/gi5Gi9J80EKsR1UTQ9yJvA/insight/audience-profile,1,1,1. 오디언스 프로파일
2022-08-30,FsDsGsZ3AECoi4M29ZWuCg,AppAudienceStudioDetailsInsightsCompetitionAppComparePage,/WNxrTAMz9U6SGf6DNVbEFQ/customer-data/FsDsGsZ3AECoi4M29ZWuCg/audience-studio/XTTQ0zlRc0Kj6cDJ2K1SvA/insight/competition-app-compare,1,4,3. 경쟁사 주요 지표 비교
2022-08-30,2ktEfh72p0GEz3dQ9OkcpQ,AppAudienceStudioDetailsInsightsCompetitionAppComparePage,/oEazmjVCNkK5AYlzoR2usg/customer-data/2ktEfh72p0GEz3dQ9OkcpQ/audience-studio/UezkSaNBMEqs43PC9XfVUw/insight/competition-app-compare,1,1,3. 경쟁사 주요 지표 비교
2022-08-30,2ktEfh72p0GEz3dQ9OkcpQ,AppAudienceStudioDetailsInsightsUserMovementPage,/oEazmjVCNkK5AYlzoR2usg/customer-data/2ktEfh72p0GEz3dQ9OkcpQ/audience-studio/0IUPSy7bBEGp4JCi8vl33g/insight/user-movement,1,1,2. 유저동선
2022-08-30,X9dgIBt6FkSKLr7YxpFtEQ,AppAudienceStudioDetailsInsightsAudienceProfilePage,/S9iXUPlIjkiTIOnUp9rbNQ/customer-data/X9dgIBt6FkSKLr7YxpFtEQ/audience-studio/SZiC9RHd7kqTQS0wH9xxkw/insight/audience-profile,1,1,1. 오디언스 프로파일
2022-08-30,2ktEfh72p0GEz3dQ9OkcpQ,AppAudienceStudioDetailsInsightsCompetitionAppComparePage,/oEazmjVCNkK5AYlzoR2usg/customer-data/2ktEfh72p0GEz3dQ9OkcpQ/audience-studio/0IUPSy7bBEGp4JCi8vl33g/insight/competition-app-compare,1,1,3. 경쟁사 주요 지표 비교
2022-08-30,GCHSvS3UC0CLSVcmXpMnvQ,AppAudienceStudioDetailsInsightsAudienceProfilePage,/EaDzUTo5YEaQf32cYmx8Ag/customer-data/GCHSvS3UC0CLSVcmXpMnvQ/audience-studio/1X5o0duyN0yreGjZez7QXw/insight/audience-profile,1,1,1. 오디언스 프로파일
2022-08-30,2ktEfh72p0GEz3dQ9OkcpQ,AppAudienceStudioDetailsInsightsAudienceProfilePage,/oEazmjVCNkK5AYlzoR2usg/customer-data/2ktEfh72p0GEz3dQ9OkcpQ/audience-studio/0IUPSy7bBEGp4JCi8vl33g/insight/audience-profile,1,3,1. 오디언스 프로파일
2022-08-30,FsDsGsZ3AECoi4M29ZWuCg,AppAudienceStudioDetailsInsightsAudienceProfilePage,/WNxrTAMz9U6SGf6DNVbEFQ/customer-data/FsDsGsZ3AECoi4M29ZWuCg/audience-studio/XTTQ0zlRc0Kj6cDJ2K1SvA/insight/audience-profile,1,7,1. 오디언스 프로파일
2022-08-29,0LObXNxQkkGKCiIb6VyKWQ,AppAudienceStudioDetailsInsightsAudienceProfilePage,/RRWX8z1tNEm7Adb0txqfWw/customer-data/0LObXNxQkkGKCiIb6VyKWQ/audience-studio/Add5n2oblE2Ktl82CH6doA/insight/audience-profile,1,4,1. 오디언스 프로파일
2022-08-29,0LObXNxQkkGKCiIb6VyKWQ,AppAudienceStudioDetailsInsightsUserMovementPage,/RRWX8z1tNEm7Adb0txqfWw/customer-data/0LObXNxQkkGKCiIb6VyKWQ/audience-studio/Add5n2oblE2Ktl82CH6doA/insight/user-movement,1,3,2. 유저동선
2022-08-29,0LObXNxQkkGKCiIb6VyKWQ,AppAudienceStudioDetailsInsightsCompetitionAppComparePage,/RRWX8z1tNEm7Adb0txqfWw/customer-data/0LObXNxQkkGKCiIb6VyKWQ/audience-studio/Add5n2oblE2Ktl82CH6doA/insight/competition-app-compare,1,3,3. 경쟁사 주요 지표 비교
2022-08-29,0LObXNxQkkGKCiIb6VyKWQ,AppAudienceStudioDetailsInsightsAudienceProfilePage,/RRWX8z1tNEm7Adb0txqfWw/customer-data/0LObXNxQkkGKCiIb6VyKWQ/audience-studio/zMP2l9DxKE6gTCbyD2GLYw/insight/audience-profile,1,1,1. 오디언스 프로파일
2022-08-26,4otkaNsrHEqbLa5baMHTvw,AppAudienceStudioDetailsInsightsUserMovementPage,/zE25MUBRwUWQkvjzg0aw8Q/customer-data/4otkaNsrHEqbLa5baMHTvw/audience-studio/X0Ux1oUTokWWiUsgqc23bg/insight/user-movement,1,2,2. 유저동선
2022-08-26,4otkaNsrHEqbLa5baMHTvw,AppAudienceStudioDetailsInsightsAudienceProfilePage,/zE25MUBRwUWQkvjzg0aw8Q/customer-data/4otkaNsrHEqbLa5baMHTvw/audience-studio/BNs4CZ9gAkyn760SKhH6Sg/insight/audience-profile,1,2,1. 오디언스 프로파일
2022-08-26,IEcfMTxPDUaFUnfUZutaQQ,AppAudienceStudioDetailsInsightsUserMovementPage,/fDToslaaf0S4pWzGJkWsZA/customer-data/IEcfMTxPDUaFUnfUZutaQQ/audience-studio/yMwSzAZGHkmFeNfyI9nsIQ/insight/user-movement,1,1,2. 유저동선
2022-08-26,4otkaNsrHEqbLa5baMHTvw,AppAudienceStudioDetailsInsightsUserMovementPage,/zE25MUBRwUWQkvjzg0aw8Q/customer-data/4otkaNsrHEqbLa5baMHTvw/audience-studio/BNs4CZ9gAkyn760SKhH6Sg/insight/user-movement,1,1,2. 유저동선
2022-08-26,4otkaNsrHEqbLa5baMHTvw,AppAudienceStudioDetailsInsightsAudienceProfilePage,/zE25MUBRwUWQkvjzg0aw8Q/customer-data/4otkaNsrHEqbLa5baMHTvw/audience-studio/FoekEaWJVEu20A22ztofbw/insight/audience-profile,1,1,1. 오디언스 프로파일
2022-08-26,4otkaNsrHEqbLa5baMHTvw,AppAudienceStudioDetailsInsightsAudienceProfilePage,/zE25MUBRwUWQkvjzg0aw8Q/customer-data/4otkaNsrHEqbLa5baMHTvw/audience-studio/EfAq12xOrEuLExmHdq6Asw/insight/audience-profile,1,1,1. 오디언스 프로파일
2022-08-26,IEcfMTxPDUaFUnfUZutaQQ,AppAudienceStudioDetailsInsightsAudienceProfilePage,/fDToslaaf0S4pWzGJkWsZA/customer-data/IEcfMTxPDUaFUnfUZutaQQ/audience-studio/yMwSzAZGHkmFeNfyI9nsIQ/insight/audience-profile,1,4,1. 오디언스 프로파일
2022-08-26,4otkaNsrHEqbLa5baMHTvw,AppAudienceStudioDetailsInsightsCompetitionAppComparePage,/zE25MUBRwUWQkvjzg0aw8Q/customer-data/4otkaNsrHEqbLa5baMHTvw/audience-studio/X0Ux1oUTokWWiUsgqc23bg/insight/competition-app-compare,1,2,3. 경쟁사 주요 지표 비교
2022-08-26,4otkaNsrHEqbLa5baMHTvw,AppAudienceStudioDetailsInsightsCompetitionAppComparePage,/zE25MUBRwUWQkvjzg0aw8Q/customer-data/4otkaNsrHEqbLa5baMHTvw/audience-studio/BNs4CZ9gAkyn760SKhH6Sg/insight/competition-app-compare,1,1,3. 경쟁사 주요 지표 비교
2022-08-26,4otkaNsrHEqbLa5baMHTvw,AppAudienceStudioDetailsInsightsAudienceProfilePage,/zE25MUBRwUWQkvjzg0aw8Q/customer-data/4otkaNsrHEqbLa5baMHTvw/audience-studio/X0Ux1oUTokWWiUsgqc23bg/insight/audience-profile,2,4,1. 오디언스 프로파일
2022-08-26,IEcfMTxPDUaFUnfUZutaQQ,AppAudienceStudioDetailsInsightsCompetitionAppComparePage,/fDToslaaf0S4pWzGJkWsZA/customer-data/IEcfMTxPDUaFUnfUZutaQQ/audience-studio/yMwSzAZGHkmFeNfyI9nsIQ/insight/competition-app-compare,1,1,3. 경쟁사 주요 지표 비교
2022-08-26,4otkaNsrHEqbLa5baMHTvw,AppAudienceStudioDetailsInsightsAudienceProfilePage,/zE25MUBRwUWQkvjzg0aw8Q/customer-data/4otkaNsrHEqbLa5baMHTvw/audience-studio/Agz8dVf4a0auQQg29DBD4A/insight/audience-profile,1,2,1. 오디언스 프로파일
2022-08-25,X9dgIBt6FkSKLr7YxpFtEQ,AppAudienceStudioDetailsInsightsAudienceProfilePage,/S9iXUPlIjkiTIOnUp9rbNQ/customer-data/X9dgIBt6FkSKLr7YxpFtEQ/audience-studio/SZiC9RHd7kqTQS0wH9xxkw/insight/audience-profile,1,1,1. 오디언스 프로파일
2022-08-25,X9dgIBt6FkSKLr7YxpFtEQ,AppAudienceStudioDetailsInsightsAudienceProfilePage,/S9iXUPlIjkiTIOnUp9rbNQ/customer-data/X9dgIBt6FkSKLr7YxpFtEQ/audience-studio/X9lqbuCKQEK74VYFzoWd0Q/insight/audience-profile,1,1,1. 오디언스 프로파일
2022-08-25,X9dgIBt6FkSKLr7YxpFtEQ,AppAudienceStudioDetailsInsightsAudienceProfilePage,/S9iXUPlIjkiTIOnUp9rbNQ/customer-data/X9dgIBt6FkSKLr7YxpFtEQ/audience-studio/gi5Gi9J80EKsR1UTQ9yJvA/insight/audience-profile,1,1,1. 오디언스 프로파일
2022-08-25,X9dgIBt6FkSKLr7YxpFtEQ,AppAudienceStudioDetailsInsightsUserMovementPage,/S9iXUPlIjkiTIOnUp9rbNQ/customer-data/X9dgIBt6FkSKLr7YxpFtEQ/audience-studio/gi5Gi9J80EKsR1UTQ9yJvA/insight/user-movement,1,1,2. 유저동선
2022-08-24,4otkaNsrHEqbLa5baMHTvw,AppAudienceStudioDetailsInsightsAudienceProfilePage,/zE25MUBRwUWQkvjzg0aw8Q/customer-data/4otkaNsrHEqbLa5baMHTvw/audience-studio/EfAq12xOrEuLExmHdq6Asw/insight/audience-profile,3,4,1. 오디언스 프로파일
2022-08-24,aa3oaAZPUUKyjmOmPL3JWA,AppAudienceStudioDetailsInsightsAudienceProfilePage,/QHM8ZfrS5kCpg604bZlVbw/customer-data/aa3oaAZPUUKyjmOmPL3JWA/audience-studio/HezZ2AU6iUGvDY01e62bQw/insight/audience-profile,1,1,1. 오디언스 프로파일
2022-08-24,X9dgIBt6FkSKLr7YxpFtEQ,AppAudienceStudioDetailsInsightsAudienceProfilePage,/S9iXUPlIjkiTIOnUp9rbNQ/customer-data/X9dgIBt6FkSKLr7YxpFtEQ/audience-studio/FSPvxDaL4Ue3tYNhp3W8iw/insight/audience-profile,1,1,1. 오디언스 프로파일
2022-08-24,X9dgIBt6FkSKLr7YxpFtEQ,AppAudienceStudioDetailsInsightsAudienceProfilePage,/S9iXUPlIjkiTIOnUp9rbNQ/customer-data/X9dgIBt6FkSKLr7YxpFtEQ/audience-studio/gi5Gi9J80EKsR1UTQ9yJvA/insight/audience-profile,1,2,1. 오디언스 프로파일
2022-08-24,4otkaNsrHEqbLa5baMHTvw,AppAudienceStudioDetailsInsightsUserMovementPage,/zE25MUBRwUWQkvjzg0aw8Q/customer-data/4otkaNsrHEqbLa5baMHTvw/audience-studio/Agz8dVf4a0auQQg29DBD4A/insight/user-movement,1,2,2. 유저동선
2022-08-24,X9dgIBt6FkSKLr7YxpFtEQ,AppAudienceStudioDetailsInsightsUserMovementPage,/S9iXUPlIjkiTIOnUp9rbNQ/customer-data/X9dgIBt6FkSKLr7YxpFtEQ/audience-studio/gi5Gi9J80EKsR1UTQ9yJvA/insight/user-movement,1,2,2. 유저동선
2022-08-24,X9dgIBt6FkSKLr7YxpFtEQ,AppAudienceStudioDetailsInsightsCompetitionAppComparePage,/S9iXUPlIjkiTIOnUp9rbNQ/customer-data/X9dgIBt6FkSKLr7YxpFtEQ/audience-studio/gi5Gi9J80EKsR1UTQ9yJvA/insight/competition-app-compare,1,1,3. 경쟁사 주요 지표 비교
2022-08-24,4otkaNsrHEqbLa5baMHTvw,AppAudienceStudioDetailsInsightsAudienceProfilePage,/zE25MUBRwUWQkvjzg0aw8Q/customer-data/4otkaNsrHEqbLa5baMHTvw/audience-studio/Agz8dVf4a0auQQg29DBD4A/insight/audience-profile,2,8,1. 오디언스 프로파일
2022-08-24,X9dgIBt6FkSKLr7YxpFtEQ,AppAudienceStudioDetailsInsightsUserMovementPage,/S9iXUPlIjkiTIOnUp9rbNQ/customer-data/X9dgIBt6FkSKLr7YxpFtEQ/audience-studio/X9lqbuCKQEK74VYFzoWd0Q/insight/user-movement,1,1,2. 유저동선
2022-08-24,0LObXNxQkkGKCiIb6VyKWQ,AppAudienceStudioDetailsInsightsAudienceProfilePage,/RRWX8z1tNEm7Adb0txqfWw/customer-data/0LObXNxQkkGKCiIb6VyKWQ/audience-studio/Add5n2oblE2Ktl82CH6doA/insight/audience-profile,1,1,1. 오디언스 프로파일
2022-08-24,X9dgIBt6FkSKLr7YxpFtEQ,AppAudienceStudioDetailsInsightsAudienceProfilePage,/S9iXUPlIjkiTIOnUp9rbNQ/customer-data/X9dgIBt6FkSKLr7YxpFtEQ/audience-studio/X9lqbuCKQEK74VYFzoWd0Q/insight/audience-profile,1,2,1. 오디언스 프로파일
2022-08-24,4otkaNsrHEqbLa5baMHTvw,AppAudienceStudioDetailsInsightsCompetitionAppComparePage,/zE25MUBRwUWQkvjzg0aw8Q/customer-data/4otkaNsrHEqbLa5baMHTvw/audience-studio/Agz8dVf4a0auQQg29DBD4A/insight/competition-app-compare,2,4,3. 경쟁사 주요 지표 비교
2022-08-23,4otkaNsrHEqbLa5baMHTvw,AppAudienceStudioDetailsInsightsAudienceProfilePage,/zE25MUBRwUWQkvjzg0aw8Q/customer-data/4otkaNsrHEqbLa5baMHTvw/audience-studio/BNs4CZ9gAkyn760SKhH6Sg/insight/audience-profile,1,1,1. 오디언스 프로파일
2022-08-23,4otkaNsrHEqbLa5baMHTvw,AppAudienceStudioDetailsInsightsAudienceProfilePage,/zE25MUBRwUWQkvjzg0aw8Q/customer-data/4otkaNsrHEqbLa5baMHTvw/audience-studio/X0Ux1oUTokWWiUsgqc23bg/insight/audience-profile,1,1,1. 오디언스 프로파일
2022-08-23,sUSjFqJ6W0KZJ1kInZKZfQ,AppAudienceStudioDetailsInsightsAudienceProfilePage,/H7UeOQVgpUWi0JjUKXSbqw/customer-data/sUSjFqJ6W0KZJ1kInZKZfQ/audience-studio/Uq5C3F90D0m1YlqYJuDuPA/insight/audience-profile,1,1,1. 오디언스 프로파일
2022-08-23,4otkaNsrHEqbLa5baMHTvw,AppAudienceStudioDetailsInsightsAudienceProfilePage,/zE25MUBRwUWQkvjzg0aw8Q/customer-data/4otkaNsrHEqbLa5baMHTvw/audience-studio/Agz8dVf4a0auQQg29DBD4A/insight/audience-profile,1,1,1. 오디언스 프로파일
2022-08-22,sUSjFqJ6W0KZJ1kInZKZfQ,AppAudienceStudioDetailsInsightsAudienceProfilePage,/H7UeOQVgpUWi0JjUKXSbqw/customer-data/sUSjFqJ6W0KZJ1kInZKZfQ/audience-studio/5bFYZfJ2xECKp90GpUBdsA/insight/audience-profile,1,2,1. 오디언스 프로파일
2022-08-19,4otkaNsrHEqbLa5baMHTvw,AppAudienceStudioDetailsInsightsAudienceProfilePage,/zE25MUBRwUWQkvjzg0aw8Q/customer-data/4otkaNsrHEqbLa5baMHTvw/audience-studio/VOZWqxDErUiaLhVrkwTi4Q/insight/audience-profile,1,1,1. 오디언스 프로파일
2022-08-18,4otkaNsrHEqbLa5baMHTvw,AppAudienceStudioDetailsInsightsAudienceProfilePage,/zE25MUBRwUWQkvjzg0aw8Q/customer-data/4otkaNsrHEqbLa5baMHTvw/audience-studio/dO9hEMiD2kuQLWmtRyV7cg/insight/audience-profile,1,1,1. 오디언스 프로파일
2022-08-16,4otkaNsrHEqbLa5baMHTvw,AppAudienceStudioDetailsInsightsAudienceProfilePage,/zE25MUBRwUWQkvjzg0aw8Q/customer-data/4otkaNsrHEqbLa5baMHTvw/audience-studio/Agz8dVf4a0auQQg29DBD4A/insight/audience-profile,1,2,1. 오디언스 프로파일
2022-08-16,4otkaNsrHEqbLa5baMHTvw,AppAudienceStudioDetailsInsightsUserMovementPage,/zE25MUBRwUWQkvjzg0aw8Q/customer-data/4otkaNsrHEqbLa5baMHTvw/audience-studio/dO9hEMiD2kuQLWmtRyV7cg/insight/user-movement,3,5,2. 유저동선
2022-08-16,y7W3am2zk0KAxxWXAWaRaA,AppAudienceStudioDetailsInsightsAudienceProfilePage,/uyKkfTU52UmK2esv4f2jDQ/customer-data/y7W3am2zk0KAxxWXAWaRaA/audience-studio/iRWRPRQMXkKstPmSAbEWhA/insight/audience-profile,1,1,1. 오디언스 프로파일
2022-08-16,4otkaNsrHEqbLa5baMHTvw,AppAudienceStudioDetailsInsightsAudienceProfilePage,/zE25MUBRwUWQkvjzg0aw8Q/customer-data/4otkaNsrHEqbLa5baMHTvw/audience-studio/dO9hEMiD2kuQLWmtRyV7cg/insight/audience-profile,4,35,1. 오디언스 프로파일
2022-08-16,4otkaNsrHEqbLa5baMHTvw,AppAudienceStudioDetailsInsightsCompetitionAppComparePage,/zE25MUBRwUWQkvjzg0aw8Q/customer-data/4otkaNsrHEqbLa5baMHTvw/audience-studio/dO9hEMiD2kuQLWmtRyV7cg/insight/competition-app-compare,2,2,3. 경쟁사 주요 지표 비교
2022-08-16,y7W3am2zk0KAxxWXAWaRaA,AppAudienceStudioDetailsInsightsAudienceProfilePage,/uyKkfTU52UmK2esv4f2jDQ/customer-data/y7W3am2zk0KAxxWXAWaRaA/audience-studio/8ibfJELI9UC7rt4adgmcgQ/insight/audience-profile,1,1,1. 오디언스 프로파일
2022-08-12,4otkaNsrHEqbLa5baMHTvw,AppAudienceStudioDetailsInsightsAudienceProfilePage,/zE25MUBRwUWQkvjzg0aw8Q/customer-data/4otkaNsrHEqbLa5baMHTvw/audience-studio/dO9hEMiD2kuQLWmtRyV7cg/insight/audience-profile,1,1,1. 오디언스 프로파일
2022-08-12,4otkaNsrHEqbLa5baMHTvw,AppAudienceStudioDetailsInsightsAudienceProfilePage,/zE25MUBRwUWQkvjzg0aw8Q/customer-data/4otkaNsrHEqbLa5baMHTvw/audience-studio/Agz8dVf4a0auQQg29DBD4A/insight/audience-profile,2,4,1. 오디언스 프로파일
